site,species,plot,total,LL,UR
741,Achyrachaena mollis,1,,,
741,Achyrachaena mollis,2,4,,1
741,Achyrachaena mollis,3,1,,1
741,Achyrachaena mollis,4,,,
741,Achyrachaena mollis,5,,,2
742,Achyrachaena mollis,1,8,,1
742,Achyrachaena mollis,2,4,5,5
742,Achyrachaena mollis,3,4,2,10
742,Achyrachaena mollis,4,8,,
742,Achyrachaena mollis,5,,,
757,Achyrachaena mollis,1,,,
757,Achyrachaena mollis,2,,,
757,Achyrachaena mollis,3,1,,
757,Achyrachaena mollis,4,8,10,30
757,Achyrachaena mollis,5,1,1,
741,Agoseris heterophylla,1,,,
741,Agoseris heterophylla,2,1,1,
741,Agoseris heterophylla,3,1,,1
741,Agoseris heterophylla,4,2,,
741,Agoseris heterophylla,5,4,,
742,Agoseris heterophylla,1,,,
742,Agoseris heterophylla,2,,,
742,Agoseris heterophylla,3,,,
742,Agoseris heterophylla,4,4,,5
742,Agoseris heterophylla,5,8,10,20
743,Agoseris heterophylla,1,16,1,5
743,Agoseris heterophylla,2,8,2,2
743,Agoseris heterophylla,3,1,,1
743,Agoseris heterophylla,4,1,,1
743,Agoseris heterophylla,5,1,1,
745,Agoseris heterophylla,1,1,,4
745,Agoseris heterophylla,2,1,,
745,Agoseris heterophylla,3,,,
745,Agoseris heterophylla,4,1,1,
745,Agoseris heterophylla,5,,,
751,Agoseris heterophylla,1,,,
751,Agoseris heterophylla,2,,,
751,Agoseris heterophylla,3,,,
751,Agoseris heterophylla,4,,,
751,Agoseris heterophylla,5,1,1,
752,Agoseris heterophylla,1,1,,
752,Agoseris heterophylla,2,1,,
752,Agoseris heterophylla,3,,,
752,Agoseris heterophylla,4,,,
752,Agoseris heterophylla,5,,,
755,Agoseris heterophylla,1,2,,
755,Agoseris heterophylla,2,1,,3
755,Agoseris heterophylla,3,1,,
755,Agoseris heterophylla,4,,,
755,Agoseris heterophylla,5,1,,1
742,Amsinckia menziesii,1,,,
742,Amsinckia menziesii,2,,,
742,Amsinckia menziesii,3,,,
742,Amsinckia menziesii,4,1,,1
742,Amsinckia menziesii,5,1,1,
746,Amsinckia menziesii,1,1,1,
746,Amsinckia menziesii,2,,,
746,Amsinckia menziesii,3,,,
746,Amsinckia menziesii,4,,,
746,Amsinckia menziesii,5,,,
762,Amsinckia menziesii,1,1,1,
762,Amsinckia menziesii,2,1,,1
762,Amsinckia menziesii,3,1,,
762,Amsinckia menziesii,4,4,,20
762,Amsinckia menziesii,5,1,,1
762,Anagallis arvensis,1,1,,
762,Anagallis arvensis,2,,,
762,Anagallis arvensis,3,1,,1
762,Anagallis arvensis,4,,,
762,Anagallis arvensis,5,1,,1
743,Stylocline filaginea,1,1,,
747,Stylocline filaginea,1,,,
747,Stylocline filaginea,2,1,2,
747,Stylocline filaginea,3,1,,
747,Stylocline filaginea,4,1,,
747,Stylocline filaginea,5,,,
751,Stylocline filaginea,1,1,,1
751,Stylocline filaginea,2,4,,1
751,Stylocline filaginea,3,,,
751,Stylocline filaginea,4,,,
751,Stylocline filaginea,5,,,
743,Stylocline filaginea,2,1,,
743,Stylocline filaginea,3,,,
743,Stylocline filaginea,4,1,,
743,Stylocline filaginea,5,1,1,1
742,Astragalus gambelianus,5,1,,
743,Astragalus gambelianus,1,1,,1
743,Astragalus gambelianus,2,,,
743,Astragalus gambelianus,3,,,
743,Astragalus gambelianus,4,,,
743,Astragalus gambelianus,5,1,,
745,Astragalus gambelianus,1,,,
745,Astragalus gambelianus,2,1,,
745,Astragalus gambelianus,3,,,
745,Astragalus gambelianus,4,1,,
745,Astragalus gambelianus,5,,,
744,Astragalus gambelianus,1,1,,
744,Astragalus gambelianus,2,,,
744,Astragalus gambelianus,3,,,
744,Astragalus gambelianus,4,,,
744,Astragalus gambelianus,5,1,1,
747,Astragalus gambelianus,1,1,,
747,Astragalus gambelianus,2,1,1,1
747,Astragalus gambelianus,3,1,2,
747,Astragalus gambelianus,4,,,
747,Astragalus gambelianus,5,,,
748,Astragalus gambelianus,1,,,
748,Astragalus gambelianus,2,1,,
748,Astragalus gambelianus,3,,,
748,Astragalus gambelianus,4,,,
748,Astragalus gambelianus,5,,,
752,Astragalus gambelianus,1,1,,
752,Astragalus gambelianus,2,1,1,
752,Astragalus gambelianus,3,1,,
752,Astragalus gambelianus,4,1,,
752,Astragalus gambelianus,5,1,,
755,Astragalus gambelianus,1,1,,
755,Astragalus gambelianus,2,,,
755,Astragalus gambelianus,3,1,,
755,Astragalus gambelianus,4,1,2,
755,Astragalus gambelianus,5,1,,1
741,Avena fatua,1,25,40,20
741,Avena fatua,2,30,30,30
741,Avena fatua,3,25,60,20
741,Avena fatua,4,30,40,20
741,Avena fatua,5,25,25,20
742,Avena barbata,1,16,40,
742,Avena barbata,2,4,5,5
742,Avena barbata,3,20,15,10
742,Avena barbata,4,20,5,20
742,Avena barbata,5,4,5,
743,Avena barbata,1,4,5,5
743,Avena barbata,2,10,5,5
743,Avena barbata,3,1,,3
743,Avena barbata,4,2,1,1
743,Avena barbata,5,,,
745,Avena barbata,1,8,4,1
745,Avena barbata,2,12,1,50
745,Avena barbata,3,15,15,5
745,Avena barbata,4,5,5,5
745,Avena barbata,5,8,10,4
744,Avena barbata,1,4,1,3
744,Avena barbata,2,8,1,5
744,Avena barbata,3,4,5,1
744,Avena barbata,4,4,,2
744,Avena barbata,5,25,20,10
746,Avena barbata,1,30,40,40
746,Avena barbata,2,30,10,60
746,Avena barbata,3,40,50,20
746,Avena barbata,4,30,10,40
746,Avena barbata,5,20,5,20
747,Avena barbata,1,1,5,10
747,Avena barbata,2,4,1,1
747,Avena barbata,3,8,2,8
747,Avena barbata,4,12,15,10
747,Avena barbata,5,4,3,2
748,Avena barbata,1,12,20,20
748,Avena barbata,2,4,1,1
748,Avena barbata,3,4,2,3
748,Avena barbata,4,20,5,40
748,Avena barbata,5,12,10,
750,Avena barbata,1,40,50,30
750,Avena barbata,2,60,20,50
750,Avena barbata,3,70,70,40
750,Avena barbata,4,70,60,50
750,Avena barbata,5,40,40,60
751,Avena barbata,1,8,5,10
751,Avena barbata,2,10,20,10
751,Avena barbata,3,8,10,10
751,Avena barbata,4,15,10,20
751,Avena barbata,5,10,5,15
752,Avena barbata,1,,,
752,Avena barbata,2,4,1,1
752,Avena barbata,3,4,10,5
752,Avena barbata,4,16,30,30
752,Avena barbata,5,4,5,10
755,Avena barbata,1,12,20,50
755,Avena barbata,2,20,5,20
755,Avena barbata,3,8,8,10
755,Avena barbata,4,8,,2
755,Avena barbata,5,12,8,20
763,Avena barbata,1,1,10,
763,Avena barbata,2,4,10,5
763,Avena barbata,3,,,
763,Avena barbata,4,10,10,20
763,Avena barbata,5,10,2,5
756,Avena barbata,1,,,
756,Avena barbata,2,1,,1
756,Avena barbata,3,,,
756,Avena barbata,4,,,
756,Avena barbata,5,,,
749,Avena fatua,1,90,90,80
749,Avena fatua,2,90,90,90
749,Avena fatua,3,80,90,90
749,Avena fatua,4,90,90,20
749,Avena fatua,5,100,90,90
740,Avena fatua,1,40,50,60
740,Avena fatua,2,70,80,60
740,Avena fatua,3,60,50,70
740,Avena fatua,4,50,80,10
740,Avena fatua,5,60,10,70
753,Avena fatua,1,60,25,80
753,Avena fatua,2,70,60,80
753,Avena fatua,3,70,90,90
753,Avena fatua,4,30,20,10
753,Avena fatua,5,30,40,20
752,Avena fatua,1,10,20,10
752,Avena fatua,2,,,
752,Avena fatua,3,,,
752,Avena fatua,4,,,
752,Avena fatua,5,,,
754,Avena fatua,1,70,80,60
754,Avena fatua,2,1,,
754,Avena fatua,3,8,,30
754,Avena fatua,4,20,20,25
754,Avena fatua,5,16,20,10
762,Avena fatua,1,15,,20
762,Avena fatua,2,20,40,
762,Avena fatua,3,15,10,10
762,Avena fatua,4,10,10,5
762,Avena fatua,5,8,5,5
760,Avena fatua,1,,,
760,Avena fatua,2,4,5,5
760,Avena fatua,3,1,1,2
760,Avena fatua,4,1,,
760,Avena fatua,5,2,2,1
761,Avena fatua,1,15,20,20
761,Avena fatua,2,8,1,1
761,Avena fatua,3,8,10,2
761,Avena fatua,4,12,5,5
761,Avena fatua,5,8,,1
756,Avena fatua,1,4,2,1
756,Avena fatua,2,,,
756,Avena fatua,3,4,1,1
756,Avena fatua,4,8,5,5
756,Avena fatua,5,12,20,15
757,Avena fatua,1,1,,
757,Avena fatua,2,1,1,
757,Avena fatua,3,,,
757,Avena fatua,4,4,,
757,Avena fatua,5,8,1,15
758,Bowlesia incana,1,,,
758,Bowlesia incana,2,1,1,
758,Bowlesia incana,3,,,
758,Bowlesia incana,4,,,
758,Bowlesia incana,5,,,
759,Bowlesia incana,1,,,
759,Bowlesia incana,2,1,5,
759,Bowlesia incana,3,1,,5
759,Bowlesia incana,4,4,5,5
759,Bowlesia incana,5,1,,1
749,Bromus diandrus,1,,,
749,Bromus diandrus,2,,,
749,Bromus diandrus,3,,,
749,Bromus diandrus,4,4,,
749,Bromus diandrus,5,1,,
740,Bromus diandrus,1,,,
740,Bromus diandrus,2,,,
740,Bromus diandrus,3,,,
740,Bromus diandrus,4,1,1,
740,Bromus diandrus,5,1,10,
753,Bromus diandrus,1,4,5,2
753,Bromus diandrus,2,1,,
753,Bromus diandrus,3,4,,
753,Bromus diandrus,4,20,40,30
753,Bromus diandrus,5,20,10,30
754,Bromus diandrus,1,4,5,5
754,Bromus diandrus,2,50,40,70
754,Bromus diandrus,3,70,90,50
754,Bromus diandrus,4,40,75,30
754,Bromus diandrus,5,40,50,20
763,Bromus diandrus,1,,,
763,Bromus diandrus,2,,,
763,Bromus diandrus,3,,,
763,Bromus diandrus,4,,,
763,Bromus diandrus,5,4,,20
762,Bromus diandrus,1,20,10,20
762,Bromus diandrus,2,10,5,5
762,Bromus diandrus,3,20,80,
762,Bromus diandrus,4,50,80,5
762,Bromus diandrus,5,16,5,5
761,Bromus diandrus,1,1,10,
761,Bromus diandrus,2,40,15,10
761,Bromus diandrus,3,8,10,1
761,Bromus diandrus,4,2,1,5
761,Bromus diandrus,5,25,20,5
757,Bromus diandrus,1,40,60,25
757,Bromus diandrus,2,40,70,80
757,Bromus diandrus,3,30,70,30
757,Bromus diandrus,4,50,40,10
757,Bromus diandrus,5,15,10,5
758,Bromus diandrus,1,90,80,90
758,Bromus diandrus,2,80,60,5
758,Bromus diandrus,3,75,60,70
758,Bromus diandrus,4,70,40,50
758,Bromus diandrus,5,80,80,80
759,Bromus diandrus,1,90,80,50
759,Bromus diandrus,2,20,10,25
759,Bromus diandrus,3,80,90,50
759,Bromus diandrus,4,70,20,50
759,Bromus diandrus,5,90,90,10
741,Bromus hordeaceus,1,25,5,30
741,Bromus hordeaceus,2,20,1,8
741,Bromus hordeaceus,3,25,1,5
741,Bromus hordeaceus,4,4,1,10
741,Bromus hordeaceus,5,16,2,20
742,Bromus hordeaceus,1,1,1,2
742,Bromus hordeaceus,2,1,,10
742,Bromus hordeaceus,3,1,25,5
742,Bromus hordeaceus,4,4,10,
742,Bromus hordeaceus,5,30,10,30
743,Bromus hordeaceus,1,16,10,20
743,Bromus hordeaceus,2,1,1,1
743,Bromus hordeaceus,3,,,
743,Bromus hordeaceus,4,,,
743,Bromus hordeaceus,5,,,
745,Bromus hordeaceus,1,1,1,
745,Bromus hordeaceus,2,4,1,
745,Bromus hordeaceus,3,,,
745,Bromus hordeaceus,4,,,
745,Bromus hordeaceus,5,,,
744,Bromus hordeaceus,1,1,,1
744,Bromus hordeaceus,2,1,,1
744,Bromus hordeaceus,3,,,
744,Bromus hordeaceus,4,,,
744,Bromus hordeaceus,5,,,
746,Bromus hordeaceus,1,8,5,5
746,Bromus hordeaceus,2,8,20,
746,Bromus hordeaceus,3,4,10,10
746,Bromus hordeaceus,4,30,2,10
746,Bromus hordeaceus,5,40,60,60
749,Bromus hordeaceus,1,,,
749,Bromus hordeaceus,2,,,
749,Bromus hordeaceus,3,,,
749,Bromus hordeaceus,4,,,
749,Bromus hordeaceus,5,,,
740,Bromus hordeaceus,1,1,1,
740,Bromus hordeaceus,2,1,5,
740,Bromus hordeaceus,3,5,10,10
740,Bromus hordeaceus,4,20,1,40
740,Bromus hordeaceus,5,10,5,1
750,Bromus hordeaceus,1,,,
750,Bromus hordeaceus,2,,,
750,Bromus hordeaceus,3,,,
750,Bromus hordeaceus,4,1,,
750,Bromus hordeaceus,5,1,,
751,Bromus hordeaceus,1,1,,1
751,Bromus hordeaceus,2,,,
751,Bromus hordeaceus,3,1,,
751,Bromus hordeaceus,4,1,1,
751,Bromus hordeaceus,5,1,,
752,Bromus hordeaceus,1,30,10,40
752,Bromus hordeaceus,2,1,,
752,Bromus hordeaceus,3,1,,
752,Bromus hordeaceus,4,4,1,1
752,Bromus hordeaceus,5,1,,
755,Bromus hordeaceus,1,8,10,2
755,Bromus hordeaceus,2,8,2,1
755,Bromus hordeaceus,3,1,1,
755,Bromus hordeaceus,4,,,
755,Bromus hordeaceus,5,,,
754,Bromus hordeaceus,1,,,
754,Bromus hordeaceus,2,,,
754,Bromus hordeaceus,3,,,
754,Bromus hordeaceus,4,,,
754,Bromus hordeaceus,5,8,,1
763,Bromus hordeaceus,1,1,1,
763,Bromus hordeaceus,2,4,,5
763,Bromus hordeaceus,3,30,60,20
763,Bromus hordeaceus,4,8,2,20
763,Bromus hordeaceus,5,8,5,10
760,Bromus hordeaceus,1,1,1,
760,Bromus hordeaceus,2,1,,
760,Bromus hordeaceus,3,,,
760,Bromus hordeaceus,4,,,
760,Bromus hordeaceus,5,1,,1
761,Bromus hordeaceus,1,4,5,
761,Bromus hordeaceus,2,8,10,
761,Bromus hordeaceus,3,4,5,1
761,Bromus hordeaceus,4,8,1,10
761,Bromus hordeaceus,5,4,,
756,Bromus hordeaceus,1,1,1,5
756,Bromus hordeaceus,2,12,2,20
756,Bromus hordeaceus,3,20,20,15
756,Bromus hordeaceus,4,1,3,1
756,Bromus hordeaceus,5,1,2,5
757,Bromus hordeaceus,1,1,1,2
757,Bromus hordeaceus,2,1,,
757,Bromus hordeaceus,3,8,2,1
757,Bromus hordeaceus,4,8,5,5
757,Bromus hordeaceus,5,30,20,20
743,Bromus madritensis,1,,,
743,Bromus madritensis,2,1,,1
743,Bromus madritensis,3,12,1,10
743,Bromus madritensis,4,4,10,1
743,Bromus madritensis,5,1,,1
744,Bromus madritensis,1,1,1,
744,Bromus madritensis,2,2,,2
744,Bromus madritensis,3,,,
744,Bromus madritensis,4,1,,
744,Bromus madritensis,5,,,
752,Bromus madritensis,1,,,
752,Bromus madritensis,2,,,
752,Bromus madritensis,3,1,1,
752,Bromus madritensis,4,,,
752,Bromus madritensis,5,1,,5
755,Bromus madritensis,1,4,1,
755,Bromus madritensis,2,4,1,
755,Bromus madritensis,3,,,
755,Bromus madritensis,4,,,
755,Bromus madritensis,5,,,
763,Bromus madritensis,1,70,,50
763,Bromus madritensis,2,4,5,
763,Bromus madritensis,3,1,,
763,Bromus madritensis,4,1,2,5
763,Bromus madritensis,5,20,20,1
760,Bromus madritensis,1,8,15,20
760,Bromus madritensis,2,12,15,10
760,Bromus madritensis,3,8,1,5
760,Bromus madritensis,4,12,20,10
760,Bromus madritensis,5,4,1,1
761,Bromus madritensis,1,12,1,1
761,Bromus madritensis,2,2,1,10
761,Bromus madritensis,3,12,10,5
761,Bromus madritensis,4,4,,
761,Bromus madritensis,5,40,40,50
756,Bromus madritensis,1,16,,30
756,Bromus madritensis,2,2,5,
756,Bromus madritensis,3,4,1,1
756,Bromus madritensis,4,8,1,2
756,Bromus madritensis,5,4,5,10
744,Calandrinia menziesii,1,,,
744,Calandrinia menziesii,2,,,
744,Calandrinia menziesii,3,,,
744,Calandrinia menziesii,4,,,
744,Calandrinia menziesii,5,1,1,1
745,Calystegia collina,1,,,
745,Calystegia collina,2,,,
745,Calystegia collina,3,1,,
745,Calystegia collina,4,1,,
745,Calystegia collina,5,,,
747,Calystegia collina,1,,,
747,Calystegia collina,2,8,,10
747,Calystegia collina,3,4,,1
747,Calystegia collina,4,1,2,
747,Calystegia collina,5,,,
758,Carduus pycnocephalus,1,12,10,1
758,Carduus pycnocephalus,2,8,,1
758,Carduus pycnocephalus,3,12,2,1
758,Carduus pycnocephalus,4,4,5,
758,Carduus pycnocephalus,5,,,
759,Carduus pycnocephalus,1,,,
759,Carduus pycnocephalus,2,,,
759,Carduus pycnocephalus,3,,,
759,Carduus pycnocephalus,4,1,,
759,Carduus pycnocephalus,5,4,,
763,Centaurea melitensis,1,8,40,
763,Centaurea melitensis,2,,,
763,Centaurea melitensis,3,4,,
763,Centaurea melitensis,4,8,5,
763,Centaurea melitensis,5,4,,10
760,Centaurea melitensis,1,1,1,1
760,Centaurea melitensis,2,4,1,1
760,Centaurea melitensis,3,1,2,2
760,Centaurea melitensis,4,1,,1
760,Centaurea melitensis,5,12,,2
761,Centaurea melitensis,1,4,1,30
761,Centaurea melitensis,2,12,70,
761,Centaurea melitensis,3,8,3,2
761,Centaurea melitensis,4,1,,5
761,Centaurea melitensis,5,4,,
747,Chaenactis glabriuscula,1,1,,
747,Chaenactis glabriuscula,2,1,,
747,Chaenactis glabriuscula,3,1,1,
747,Chaenactis glabriuscula,4,,,
747,Chaenactis glabriuscula,5,,,
748,Chaenactis glabriuscula,1,4,3,
748,Chaenactis glabriuscula,2,8,3,15
748,Chaenactis glabriuscula,3,8,4,4
748,Chaenactis glabriuscula,4,4,1,
748,Chaenactis glabriuscula,5,4,1,
762,Stellaria media,1,,,
762,Stellaria media,2,,,
762,Stellaria media,3,,,
762,Stellaria media,4,,,
762,Stellaria media,5,1,,
757,Stellaria media,1,,,
757,Stellaria media,2,1,,
757,Stellaria media,3,,,
757,Stellaria media,4,,,
757,Stellaria media,5,,,
758,Stellaria media,1,1,,
758,Stellaria media,2,1,,
758,Stellaria media,3,1,,
758,Stellaria media,4,1,1,
758,Stellaria media,5,1,,
759,Stellaria media,1,1,1,
759,Stellaria media,2,1,,1
759,Stellaria media,3,1,1,
759,Stellaria media,4,1,,1
759,Stellaria media,5,1,,1
742,Chlorogalum pomeridianum,5,1,,
743,Chlorogalum pomeridianum,1,,,
743,Chlorogalum pomeridianum,2,,,
743,Chlorogalum pomeridianum,3,8,,
743,Chlorogalum pomeridianum,4,2,,10
743,Chlorogalum pomeridianum,5,1,,2
745,Chlorogalum pomeridianum,1,12,1,1
745,Chlorogalum pomeridianum,2,1,,
745,Chlorogalum pomeridianum,3,8,5,20
745,Chlorogalum pomeridianum,4,2,,4
745,Chlorogalum pomeridianum,5,4,,5
752,Chlorogalum pomeridianum,1,,,
752,Chlorogalum pomeridianum,2,,,
752,Chlorogalum pomeridianum,3,2,10,
752,Chlorogalum pomeridianum,4,,,
752,Chlorogalum pomeridianum,5,,,
745,Chorizanthe staticoides,1,,,
745,Chorizanthe staticoides,2,,,
745,Chorizanthe staticoides,3,2,,
745,Chorizanthe staticoides,4,,,
745,Chorizanthe staticoides,5,4,4,1
747,Chorizanthe staticoides,1,1,,1
747,Chorizanthe staticoides,2,16,10,15
747,Chorizanthe staticoides,3,8,2,
747,Chorizanthe staticoides,4,,,
747,Chorizanthe staticoides,5,1,1,4
751,Chorizanthe staticoides,1,,,
751,Chorizanthe staticoides,2,1,1,
751,Chorizanthe staticoides,3,,,
751,Chorizanthe staticoides,4,,,
751,Chorizanthe staticoides,5,,,
755,Chorizanthe staticoides,1,,,
755,Chorizanthe staticoides,2,,,
755,Chorizanthe staticoides,3,1,,
755,Chorizanthe staticoides,4,,,
755,Chorizanthe staticoides,5,,,
758,Clarkia bottae,1,,,
758,Clarkia bottae,2,,,
758,Clarkia bottae,3,,,
758,Clarkia bottae,4,1,,
758,Clarkia bottae,5,,,
756,Clarkia purpurea,1,4,5,2
756,Clarkia purpurea,2,4,1,3
756,Clarkia purpurea,3,8,25,10
756,Clarkia purpurea,4,4,10,1
756,Clarkia purpurea,5,8,1,1
757,Clarkia purpurea,1,,,
757,Clarkia purpurea,2,,,
757,Clarkia purpurea,3,,,
757,Clarkia purpurea,4,1,1,2
757,Clarkia purpurea,5,2,5,1
758,Claytonia perfoliata,1,1,,
758,Claytonia perfoliata,2,1,,1
758,Claytonia perfoliata,3,1,1,
758,Claytonia perfoliata,4,1,1,1
758,Claytonia perfoliata,5,1,,1
759,Claytonia perfoliata,1,25,20,80
759,Claytonia perfoliata,2,50,80,30
759,Claytonia perfoliata,3,8,5,10
759,Claytonia perfoliata,4,8,2,5
759,Claytonia perfoliata,5,4,2,5
751,Cryptantha clevelandii,1,,,
751,Cryptantha clevelandii,2,,,
751,Cryptantha clevelandii,3,1,1,
751,Cryptantha clevelandii,4,,,
751,Cryptantha clevelandii,5,,,
741,Dichelostemma capitatum,1,1,,1
741,Dichelostemma capitatum,2,1,,
741,Dichelostemma capitatum,3,1,,5
741,Dichelostemma capitatum,4,1,,1
741,Dichelostemma capitatum,5,,,
742,Dichelostemma capitatum,1,,,
742,Dichelostemma capitatum,2,1,2,
742,Dichelostemma capitatum,3,,,
742,Dichelostemma capitatum,4,1,5,
742,Dichelostemma capitatum,5,,,
745,Dichelostemma capitatum,1,4,10,1
745,Dichelostemma capitatum,2,1,,
745,Dichelostemma capitatum,3,4,5,1
745,Dichelostemma capitatum,4,4,,10
745,Dichelostemma capitatum,5,1,,
746,Dichelostemma capitatum,1,4,,
746,Dichelostemma capitatum,2,,,
746,Dichelostemma capitatum,3,1,1,
746,Dichelostemma capitatum,4,1,,
746,Dichelostemma capitatum,5,8,10,10
747,Dichelostemma capitatum,1,,,
747,Dichelostemma capitatum,2,,,
747,Dichelostemma capitatum,3,1,1,
747,Dichelostemma capitatum,4,,,
747,Dichelostemma capitatum,5,1,,
740,Dichelostemma capitatum,1,,,
740,Dichelostemma capitatum,2,,,
740,Dichelostemma capitatum,3,,,
740,Dichelostemma capitatum,4,1,,5
740,Dichelostemma capitatum,5,,,
753,Dichelostemma capitatum,1,1,,
753,Dichelostemma capitatum,2,,,
753,Dichelostemma capitatum,3,,,
753,Dichelostemma capitatum,4,,,
753,Dichelostemma capitatum,5,1,,
754,Dichelostemma capitatum,1,,,
754,Dichelostemma capitatum,2,,,
754,Dichelostemma capitatum,3,,,
754,Dichelostemma capitatum,4,1,,5
754,Dichelostemma capitatum,5,,,
756,Dichelostemma capitatum,1,,,
756,Dichelostemma capitatum,2,1,,
756,Dichelostemma capitatum,3,,,
756,Dichelostemma capitatum,4,,,
756,Dichelostemma capitatum,5,,,
756,Dodecatheon hendersonii,1,2,1,2
756,Dodecatheon hendersonii,2,4,1,
756,Dodecatheon hendersonii,3,4,,10
756,Dodecatheon hendersonii,4,4,5,1
756,Dodecatheon hendersonii,5,8,5,2
757,Dodecatheon hendersonii,1,,,
757,Dodecatheon hendersonii,2,,,
757,Dodecatheon hendersonii,3,4,,5
757,Dodecatheon hendersonii,4,1,,
757,Dodecatheon hendersonii,5,,,
758,Elymus glaucus,1,,,
758,Elymus glaucus,2,,,
758,Elymus glaucus,3,,,
758,Elymus glaucus,4,,,
758,Elymus glaucus,5,4,,
749,Croton setigerus,1,1,1,1
749,Croton setigerus,2,,,
749,Croton setigerus,3,,,
749,Croton setigerus,4,,,
749,Croton setigerus,5,,,
754,Croton setigerus,1,,,
754,Croton setigerus,2,,,
754,Croton setigerus,3,,,
754,Croton setigerus,4,,,
754,Croton setigerus,5,1,,
763,Croton setigerus,1,,,
763,Croton setigerus,2,1,,1
763,Croton setigerus,3,,,
763,Croton setigerus,4,1,,
763,Croton setigerus,5,,,
762,Croton setigerus,1,1,1,
762,Croton setigerus,2,4,5,1
762,Croton setigerus,3,1,,1
762,Croton setigerus,4,1,,1
762,Croton setigerus,5,2,5,
760,Croton setigerus,1,,,
760,Croton setigerus,2,,,
760,Croton setigerus,3,1,,1
760,Croton setigerus,4,1,,1
760,Croton setigerus,5,,,
761,Croton setigerus,1,,,
761,Croton setigerus,2,,,
761,Croton setigerus,3,,,
761,Croton setigerus,4,,,
761,Croton setigerus,5,1,1,
757,Croton setigerus,1,,,
757,Croton setigerus,2,1,,
757,Croton setigerus,3,,,
757,Croton setigerus,4,,,
757,Croton setigerus,5,,,
743,Eriogonum elongatum ,1,,,
743,Eriogonum elongatum ,2,1,,
743,Eriogonum elongatum ,3,,,
743,Eriogonum elongatum ,4,,,
743,Eriogonum elongatum ,5,,,
750,Eriogonum elongatum ,1,1,,
750,Eriogonum elongatum ,2,4,,
750,Eriogonum elongatum ,3,,,
750,Eriogonum elongatum ,4,,,
750,Eriogonum elongatum ,5,1,5,
763,Eriogonum elongatum ,1,,,
763,Eriogonum elongatum ,2,1,,
763,Eriogonum elongatum ,3,1,,
763,Eriogonum elongatum ,4,,,
763,Eriogonum elongatum ,5,,,
744,Erodium cicutarium,1,,,
744,Erodium cicutarium,2,1,,1
744,Erodium cicutarium,3,1,,
744,Erodium cicutarium,4,,,
744,Erodium cicutarium,5,,,
740,Erodium cicutarium,1,,,
740,Erodium cicutarium,2,,,
740,Erodium cicutarium,3,,,
740,Erodium cicutarium,4,,,
740,Erodium cicutarium,5,1,,1
763,Erodium cicutarium,1,1,,2
763,Erodium cicutarium,2,30,20,20
763,Erodium cicutarium,3,20,10,
763,Erodium cicutarium,4,20,10,10
763,Erodium cicutarium,5,12,5,5
762,Erodium cicutarium,1,8,1,1
762,Erodium cicutarium,2,8,15,5
762,Erodium cicutarium,3,4,1,1
762,Erodium cicutarium,4,1,,
762,Erodium cicutarium,5,4,1,5
760,Erodium cicutarium,1,25,5,15
760,Erodium cicutarium,2,25,10,25
760,Erodium cicutarium,3,50,40,40
760,Erodium cicutarium,4,16,15,5
760,Erodium cicutarium,5,16,30,20
761,Erodium cicutarium,1,30,50,5
761,Erodium cicutarium,2,20,,40
761,Erodium cicutarium,3,70,70,40
761,Erodium cicutarium,4,50,70,20
761,Erodium cicutarium,5,16,20,1
756,Erodium cicutarium,1,8,5,1
756,Erodium cicutarium,2,16,10,5
756,Erodium cicutarium,3,16,5,20
756,Erodium cicutarium,4,12,20,5
756,Erodium cicutarium,5,8,1,5
757,Erodium cicutarium,1,,,
757,Erodium cicutarium,2,,,
757,Erodium cicutarium,3,1,,
757,Erodium cicutarium,4,1,1,
757,Erodium cicutarium,5,4,1,1
762,Erodium moschatum,1,4,,
762,Erodium moschatum,2,1,1,
762,Erodium moschatum,3,8,5,
762,Erodium moschatum,4,4,1,
762,Erodium moschatum,5,4,,2
761,Erodium moschatum,1,,,
761,Erodium moschatum,2,2,,
761,Erodium moschatum,3,,,
761,Erodium moschatum,4,,,
761,Erodium moschatum,5,,,
741,Euphorbia spathulata,1,1,1,
741,Euphorbia spathulata,2,1,1,
741,Euphorbia spathulata,3,4,,1
741,Euphorbia spathulata,4,1,,1
741,Euphorbia spathulata,5,1,1,1
742,Euphorbia spathulata,1,1,1,1
742,Euphorbia spathulata,2,1,1,1
742,Euphorbia spathulata,3,1,1,1
742,Euphorbia spathulata,4,1,,1
742,Euphorbia spathulata,5,1,1,
743,Euphorbia spathulata,1,2,1,1
743,Euphorbia spathulata,2,1,1,
743,Euphorbia spathulata,3,,,
743,Euphorbia spathulata,4,,,
743,Euphorbia spathulata,5,,,
745,Euphorbia spathulata,1,1,,
745,Euphorbia spathulata,2,1,1,
745,Euphorbia spathulata,3,,,
745,Euphorbia spathulata,4,,,
745,Euphorbia spathulata,5,,,
746,Euphorbia spathulata,1,1,,1
746,Euphorbia spathulata,2,1,,
746,Euphorbia spathulata,3,1,3,
746,Euphorbia spathulata,4,1,,
746,Euphorbia spathulata,5,1,,
740,Euphorbia spathulata,1,1,1,1
740,Euphorbia spathulata,2,1,1,1
740,Euphorbia spathulata,3,1,,1
740,Euphorbia spathulata,4,1,1,1
740,Euphorbia spathulata,5,1,2,
750,Euphorbia spathulata,1,1,1,
750,Euphorbia spathulata,2,,,
750,Euphorbia spathulata,3,1,,1
750,Euphorbia spathulata,4,1,1,2
750,Euphorbia spathulata,5,1,1,
751,Euphorbia spathulata,1,,,
751,Euphorbia spathulata,2,,,
751,Euphorbia spathulata,3,1,1,
751,Euphorbia spathulata,4,2,5,
751,Euphorbia spathulata,5,1,1,1
753,Euphorbia spathulata,1,,,
753,Euphorbia spathulata,2,,,
753,Euphorbia spathulata,3,,,
753,Euphorbia spathulata,4,,,
753,Euphorbia spathulata,5,1,,
752,Euphorbia spathulata,1,4,2,2
752,Euphorbia spathulata,2,,,
752,Euphorbia spathulata,3,,,
752,Euphorbia spathulata,4,,,
752,Euphorbia spathulata,5,,,
763,Filago californica,1,,,
763,Filago californica,2,1,,1
763,Filago californica,3,,,
763,Filago californica,4,,,
763,Filago californica,5,,,
763,Filago gallica,1,,,
763,Filago gallica,2,1,,1
763,Filago gallica,3,,,
763,Filago gallica,4,1,1,
763,Filago gallica,5,,,
741,Fritillaria biflora,1,,,
741,Fritillaria biflora,2,,,
741,Fritillaria biflora,3,,,
741,Fritillaria biflora,4,,,
741,Fritillaria biflora,5,2,4,
742,Fritillaria biflora,1,,,
742,Fritillaria biflora,2,1,,
742,Fritillaria biflora,3,,,
742,Fritillaria biflora,4,,,
742,Fritillaria biflora,5,,,
743,Fritillaria biflora,1,,,
743,Fritillaria biflora,2,,,
743,Fritillaria biflora,3,2,,2
743,Fritillaria biflora,4,,,
743,Fritillaria biflora,5,,,
745,Fritillaria biflora,1,,,
745,Fritillaria biflora,2,2,,
745,Fritillaria biflora,3,,,
745,Fritillaria biflora,4,,,
745,Fritillaria biflora,5,,,
752,Fritillaria biflora,1,4,,1
752,Fritillaria biflora,2,,,
752,Fritillaria biflora,3,,,
752,Fritillaria biflora,4,,,
752,Fritillaria biflora,5,,,
758,Galium aparine,1,,,
758,Galium aparine,2,,,
758,Galium aparine,3,4,,2
758,Galium aparine,4,1,,2
758,Galium aparine,5,,,
759,Galium aparine,1,1,,
759,Galium aparine,2,1,2,
759,Galium aparine,3,1,,
759,Galium aparine,4,1,,
759,Galium aparine,5,1,1,
761,Geranium dissectum,1,,,
761,Geranium dissectum,2,1,,
761,Geranium dissectum,3,,,
761,Geranium dissectum,4,,,
761,Geranium dissectum,5,,,
747,Gilia ochroleuca,1,1,2,1
747,Gilia ochroleuca,2,1,,
747,Gilia ochroleuca,3,,,
747,Gilia ochroleuca,4,,,
747,Gilia ochroleuca,5,,,
748,Gilia ochroleuca,1,1,1,
748,Gilia ochroleuca,2,1,,
748,Gilia ochroleuca,3,4,1,5
748,Gilia ochroleuca,4,1,2,1
748,Gilia ochroleuca,5,8,5,
763,Gilia sp.,1,,,
763,Gilia sp.,2,2,5,
763,Gilia sp.,3,1,,
763,Gilia sp.,4,,,
763,Gilia sp.,5,,,
745,Hazardia squarrosa,1,,,
745,Hazardia squarrosa,2,,,
745,Hazardia squarrosa,3,,,
745,Hazardia squarrosa,4,1,,
745,Hazardia squarrosa,5,,,
741,Hemizonia congesta,1,8,5,1
741,Hemizonia congesta,2,1,1,
741,Hemizonia congesta,3,10,5,25
741,Hemizonia congesta,4,4,5,10
741,Hemizonia congesta,5,1,,1
743,Hemizonia congesta,1,2,,
743,Hemizonia congesta,2,,,
743,Hemizonia congesta,3,,,
743,Hemizonia congesta,4,,,
743,Hemizonia congesta,5,,,
745,Hemizonia congesta,1,1,,
745,Hemizonia congesta,2,2,,5
745,Hemizonia congesta,3,,,
745,Hemizonia congesta,4,,,
745,Hemizonia congesta,5,,,
746,Hemizonia congesta,1,1,,
746,Hemizonia congesta,2,,,
746,Hemizonia congesta,3,,,
746,Hemizonia congesta,4,,,
746,Hemizonia congesta,5,,,
740,Hemizonia congesta,1,4,5,5
740,Hemizonia congesta,2,1,2,
740,Hemizonia congesta,3,1,5,
740,Hemizonia congesta,4,4,1,5
740,Hemizonia congesta,5,8,2,5
742,Hordeum murinum,5,20,,40
744,Hordeum murinum,1,,,
744,Hordeum murinum,2,1,,1
744,Hordeum murinum,3,,,
744,Hordeum murinum,4,,,
744,Hordeum murinum,5,,,
749,Hordeum murinum,1,,,
749,Hordeum murinum,2,,,
749,Hordeum murinum,3,8,1,5
749,Hordeum murinum,4,10,10,20
749,Hordeum murinum,5,,,
753,Hordeum murinum,1,,,
753,Hordeum murinum,2,1,,
753,Hordeum murinum,3,2,,
753,Hordeum murinum,4,,,
753,Hordeum murinum,5,,,
754,Hordeum murinum,1,,,
754,Hordeum murinum,2,8,10,1
754,Hordeum murinum,3,,,
754,Hordeum murinum,4,,,
754,Hordeum murinum,5,,,
761,Hordeum murinum,1,1,,
761,Hordeum murinum,2,,,
761,Hordeum murinum,3,,,
761,Hordeum murinum,4,,,
761,Hordeum murinum,5,,,
758,Hordeum murinum,1,,,
758,Hordeum murinum,2,20,40,50
758,Hordeum murinum,3,,,
758,Hordeum murinum,4,,,
758,Hordeum murinum,5,,,
759,Hordeum murinum,1,,,
759,Hordeum murinum,2,,,
759,Hordeum murinum,3,1,,
759,Hordeum murinum,4,1,,1
759,Hordeum murinum,5,,,
763,Hypochaeris glabra,1,,,
763,Hypochaeris glabra,2,,,
763,Hypochaeris glabra,3,,,
763,Hypochaeris glabra,4,1,,
763,Hypochaeris glabra,5,,,
741,Lactuca serriola,1,1,1,1
741,Lactuca serriola,2,1,,
741,Lactuca serriola,3,1,1,
741,Lactuca serriola,4,1,,
741,Lactuca serriola,5,,,
742,Lactuca serriola,1,1,,
742,Lactuca serriola,2,,,
742,Lactuca serriola,3,1,,
742,Lactuca serriola,4,1,,
742,Lactuca serriola,5,1,,1
745,Lactuca serriola,1,1,,
745,Lactuca serriola,2,,,
745,Lactuca serriola,3,,,
745,Lactuca serriola,4,,,
745,Lactuca serriola,5,,,
749,Lactuca serriola,1,1,1,
749,Lactuca serriola,2,1,,1
749,Lactuca serriola,3,1,,
749,Lactuca serriola,4,1,,
749,Lactuca serriola,5,4,,
740,Lactuca serriola,1,12,10,20
740,Lactuca serriola,2,1,1,
740,Lactuca serriola,3,1,,1
740,Lactuca serriola,4,1,5,2
740,Lactuca serriola,5,1,,1
750,Lactuca serriola,1,,,
750,Lactuca serriola,2,1,,
750,Lactuca serriola,3,1,,
750,Lactuca serriola,4,,,
750,Lactuca serriola,5,,,
751,Lactuca serriola,1,,,
751,Lactuca serriola,2,,,
751,Lactuca serriola,3,,,
751,Lactuca serriola,4,1,,
751,Lactuca serriola,5,,,
753,Lactuca serriola,1,1,4,
753,Lactuca serriola,2,1,,1
753,Lactuca serriola,3,4,,
753,Lactuca serriola,4,,,
753,Lactuca serriola,5,1,,
752,Lactuca serriola,1,1,,
752,Lactuca serriola,2,,,
752,Lactuca serriola,3,,,
752,Lactuca serriola,4,1,,
752,Lactuca serriola,5,,,
755,Lactuca serriola,1,,,
755,Lactuca serriola,2,1,,1
755,Lactuca serriola,3,,,
755,Lactuca serriola,4,,,
755,Lactuca serriola,5,,,
760,Lactuca serriola,1,,,
760,Lactuca serriola,2,,,
760,Lactuca serriola,3,,,
760,Lactuca serriola,4,,,
760,Lactuca serriola,5,1,1,
741,Lasthenia californica,1,,,
741,Lasthenia californica,2,,,
741,Lasthenia californica,3,,,
741,Lasthenia californica,4,,,
741,Lasthenia californica,5,2,,
742,Lasthenia californica,1,4,2,
742,Lasthenia californica,2,2,2,1
742,Lasthenia californica,3,1,,1
742,Lasthenia californica,4,,,
742,Lasthenia californica,5,,,
743,Lasthenia californica,1,20,25,1
743,Lasthenia californica,2,4,1,2
743,Lasthenia californica,3,20,4,10
743,Lasthenia californica,4,10,5,5
743,Lasthenia californica,5,2,1,1
745,Lasthenia californica,1,1,1,
745,Lasthenia californica,2,1,2,
745,Lasthenia californica,3,30,2,10
745,Lasthenia californica,4,1,,
745,Lasthenia californica,5,8,5,2
744,Lasthenia californica,1,40,20,60
744,Lasthenia californica,2,30,10,50
744,Lasthenia californica,3,30,40,10
744,Lasthenia californica,4,30,40,20
744,Lasthenia californica,5,4,5,2
747,Lasthenia californica,1,,,
747,Lasthenia californica,2,1,,1
747,Lasthenia californica,3,,,
747,Lasthenia californica,4,,,
747,Lasthenia californica,5,1,,
751,Lasthenia californica,1,10,10,5
751,Lasthenia californica,2,4,5,10
751,Lasthenia californica,3,4,2,5
751,Lasthenia californica,4,15,2,5
751,Lasthenia californica,5,10,2,3
752,Lasthenia californica,1,1,1,
752,Lasthenia californica,2,8,2,5
752,Lasthenia californica,3,4,,5
752,Lasthenia californica,4,1,1,
752,Lasthenia californica,5,8,2,5
755,Lasthenia californica,1,4,,1
755,Lasthenia californica,2,2,2,1
755,Lasthenia californica,3,12,15,5
755,Lasthenia californica,4,16,10,30
755,Lasthenia californica,5,10,10,5
743,Linanthus parviflorus,1,,,
743,Linanthus parviflorus,2,1,,
743,Linanthus parviflorus,3,12,2,2
743,Linanthus parviflorus,4,1,1,1
743,Linanthus parviflorus,5,1,,1
745,Linanthus parviflorus,1,,,
745,Linanthus parviflorus,2,,,
745,Linanthus parviflorus,3,,,
745,Linanthus parviflorus,4,1,,
745,Linanthus parviflorus,5,1,,1
744,Linanthus parviflorus,1,1,,
744,Linanthus parviflorus,2,,,
744,Linanthus parviflorus,3,,,
744,Linanthus parviflorus,4,1,,
744,Linanthus parviflorus,5,,,
751,Linanthus parviflorus,1,4,1,1
751,Linanthus parviflorus,2,1,,
751,Linanthus parviflorus,3,25,20,20
751,Linanthus parviflorus,4,,,
751,Linanthus parviflorus,5,1,,1
752,Linanthus parviflorus,1,1,,
752,Linanthus parviflorus,2,12,10,5
752,Linanthus parviflorus,3,16,10,40
752,Linanthus parviflorus,4,40,20,10
752,Linanthus parviflorus,5,10,20,5
755,Linanthus parviflorus,1,18,5,10
755,Linanthus parviflorus,2,16,10,20
755,Linanthus parviflorus,3,8,1,1
755,Linanthus parviflorus,4,4,1,2
755,Linanthus parviflorus,5,12,10,5
748,Coreopsis bigelovii,1,4,,1
748,Coreopsis bigelovii,2,1,,
748,Coreopsis bigelovii,3,2,,2
748,Coreopsis bigelovii,4,1,,1
748,Coreopsis bigelovii,5,1,,
741,Stephanomeria cichoriacea,1,,,
741,Stephanomeria cichoriacea,2,,,
741,Stephanomeria cichoriacea,3,1,5,
741,Stephanomeria cichoriacea,4,,,
741,Stephanomeria cichoriacea,5,,,
742,Stephanomeria cichoriacea,1,1,2,
742,Stephanomeria cichoriacea,2,,,
742,Stephanomeria cichoriacea,3,,,
742,Stephanomeria cichoriacea,4,,,
742,Stephanomeria cichoriacea,5,,,
755,Stephanomeria cichoriacea,1,,,
755,Stephanomeria cichoriacea,2,1,,
755,Stephanomeria cichoriacea,3,1,,
755,Stephanomeria cichoriacea,4,,,
755,Stephanomeria cichoriacea,5,,,
763,Stephanomeria cichoriacea,1,4,,20
763,Stephanomeria cichoriacea,2,,,
763,Stephanomeria cichoriacea,3,,,
763,Stephanomeria cichoriacea,4,,,
763,Stephanomeria cichoriacea,5,,,
756,Stephanomeria cichoriacea,1,,,
756,Stephanomeria cichoriacea,2,,,
756,Stephanomeria cichoriacea,3,,,
756,Stephanomeria cichoriacea,4,1,,
756,Stephanomeria cichoriacea,5,1,,
745,Lomatium sp.,1,,,
745,Lomatium sp.,2,,,
745,Lomatium sp.,3,,,
745,Lomatium sp.,4,1,,2
745,Lomatium sp.,5,,,
752,Lomatium sp.,1,,,
752,Lomatium sp.,2,,,
752,Lomatium sp.,3,1,2,
752,Lomatium sp.,4,,,
752,Lomatium sp.,5,,,
755,Lomatium sp.,1,1,,1
755,Lomatium sp.,2,,,
755,Lomatium sp.,3,4,,
755,Lomatium sp.,4,,,
755,Lomatium sp.,5,,,
763,Lotus purshianus,1,,,
763,Lotus purshianus,2,1,,
763,Lotus purshianus,3,,,
763,Lotus purshianus,4,1,,
763,Lotus purshianus,5,,,
748,Lotus strigosus,1,8,1,8
748,Lotus strigosus,2,4,1,
748,Lotus strigosus,3,2,,
748,Lotus strigosus,4,4,,
748,Lotus strigosus,5,4,5,
741,Lotus wrangelianus,1,1,,
741,Lotus wrangelianus,2,4,10,
741,Lotus wrangelianus,3,1,,
741,Lotus wrangelianus,4,1,,
741,Lotus wrangelianus,5,1,,
742,Lotus wrangelianus,1,1,1,
742,Lotus wrangelianus,2,,,
742,Lotus wrangelianus,3,1,,
742,Lotus wrangelianus,4,1,1,
742,Lotus wrangelianus,5,,,
743,Lotus wrangelianus,1,1,1,
743,Lotus wrangelianus,2,1,1,
743,Lotus wrangelianus,3,,,
743,Lotus wrangelianus,4,,,
743,Lotus wrangelianus,5,1,,
745,Lotus wrangelianus,1,,,
745,Lotus wrangelianus,2,1,2,
745,Lotus wrangelianus,3,2,1,
745,Lotus wrangelianus,4,,,
745,Lotus wrangelianus,5,,,
744,Lotus wrangelianus,1,,,
744,Lotus wrangelianus,2,1,,2
744,Lotus wrangelianus,3,,,
744,Lotus wrangelianus,4,,,
744,Lotus wrangelianus,5,,,
746,Lotus wrangelianus,1,,,
746,Lotus wrangelianus,2,,,
746,Lotus wrangelianus,3,,,
746,Lotus wrangelianus,4,1,,1
746,Lotus wrangelianus,5,20,,
747,Lotus wrangelianus,1,,,
747,Lotus wrangelianus,2,,,
747,Lotus wrangelianus,3,2,,
747,Lotus wrangelianus,4,,,
747,Lotus wrangelianus,5,,,
750,Lotus wrangelianus,1,,,
750,Lotus wrangelianus,2,,,
750,Lotus wrangelianus,3,1,,
750,Lotus wrangelianus,4,,,
750,Lotus wrangelianus,5,,,
751,Lotus wrangelianus,1,2,2,5
751,Lotus wrangelianus,2,4,5,
751,Lotus wrangelianus,3,1,,2
751,Lotus wrangelianus,4,4,1,
751,Lotus wrangelianus,5,,,
752,Lotus wrangelianus,1,,,
752,Lotus wrangelianus,2,,,
752,Lotus wrangelianus,3,1,,2
752,Lotus wrangelianus,4,1,2,
752,Lotus wrangelianus,5,,,
755,Lotus wrangelianus,1,1,,
755,Lotus wrangelianus,2,,,
755,Lotus wrangelianus,3,,,
755,Lotus wrangelianus,4,1,,
755,Lotus wrangelianus,5,1,,1
760,Lotus wrangelianus,1,1,,5
760,Lotus wrangelianus,2,,,
760,Lotus wrangelianus,3,,,
760,Lotus wrangelianus,4,,,
760,Lotus wrangelianus,5,1,,
761,Lotus wrangelianus,1,,,
761,Lotus wrangelianus,2,,,
761,Lotus wrangelianus,3,,,
761,Lotus wrangelianus,4,1,,
761,Lotus wrangelianus,5,,,
756,Lotus wrangelianus,1,1,,2
756,Lotus wrangelianus,2,,,
756,Lotus wrangelianus,3,,,
756,Lotus wrangelianus,4,2,1,10
756,Lotus wrangelianus,5,,,
762,Lupinus bicolor,1,1,,1
762,Lupinus bicolor,2,,,
762,Lupinus bicolor,3,,,
762,Lupinus bicolor,4,,,
762,Lupinus bicolor,5,,,
756,Lupinus bicolor,1,8,1,2
756,Lupinus bicolor,2,8,,5
756,Lupinus bicolor,3,4,,5
756,Lupinus bicolor,4,8,5,
756,Lupinus bicolor,5,8,5,
760,Medicago polymorpha,1,8,1,
760,Medicago polymorpha,2,8,2,
760,Medicago polymorpha,3,8,,
760,Medicago polymorpha,4,2,,2
760,Medicago polymorpha,5,8,2,20
761,Medicago polymorpha,1,4,5,2
761,Medicago polymorpha,2,4,,
761,Medicago polymorpha,3,4,2,
761,Medicago polymorpha,4,8,,
761,Medicago polymorpha,5,,,
759,Medicago polymorpha,1,,,
759,Medicago polymorpha,2,,,
759,Medicago polymorpha,3,1,,
759,Medicago polymorpha,4,,,
759,Medicago polymorpha,5,,,
742,Micropus californicus,1,1,,
742,Micropus californicus,2,,,
742,Micropus californicus,3,,,
742,Micropus californicus,4,,,
742,Micropus californicus,5,,,
743,Micropus californicus,1,2,,
743,Micropus californicus,2,1,,
743,Micropus californicus,3,4,,1
743,Micropus californicus,4,4,1,1
743,Micropus californicus,5,1,1,
752,Micropus californicus,1,1,1,
752,Micropus californicus,2,1,1,1
752,Micropus californicus,3,,,
752,Micropus californicus,4,,,
752,Micropus californicus,5,,,
763,Micropus californicus,1,,,
763,Micropus californicus,2,1,,
763,Micropus californicus,3,1,,
763,Micropus californicus,4,,,
763,Micropus californicus,5,,,
757,Micropus californicus,1,,,
757,Micropus californicus,2,,,
757,Micropus californicus,3,1,,
757,Micropus californicus,4,1,,
757,Micropus californicus,5,,,
741,Microseris douglasii,1,,,
741,Microseris douglasii,2,,,
741,Microseris douglasii,3,1,,1
741,Microseris douglasii,4,12,10,5
741,Microseris douglasii,5,12,4,1
742,Microseris douglasii,1,12,1,10
742,Microseris douglasii,2,50,40,20
742,Microseris douglasii,3,12,15,1
742,Microseris douglasii,4,,,
742,Microseris douglasii,5,,,
743,Microseris douglasii,1,1,,
743,Microseris douglasii,2,4,2,
743,Microseris douglasii,3,1,1,
743,Microseris douglasii,4,1,,5
743,Microseris douglasii,5,12,10,4
745,Microseris douglasii,1,4,1,5
745,Microseris douglasii,2,25,40,
745,Microseris douglasii,3,8,5,1
745,Microseris douglasii,4,4,1,2
745,Microseris douglasii,5,16,10,5
744,Microseris douglasii,1,1,1,5
744,Microseris douglasii,2,1,,2
744,Microseris douglasii,3,8,10,2
744,Microseris douglasii,4,2,2,1
744,Microseris douglasii,5,1,2,1
746,Microseris douglasii,1,1,,
746,Microseris douglasii,2,,,
746,Microseris douglasii,3,4,,30
746,Microseris douglasii,4,1,,
746,Microseris douglasii,5,,,
747,Microseris douglasii,1,1,1,
747,Microseris douglasii,2,20,10,15
747,Microseris douglasii,3,16,25,4
747,Microseris douglasii,4,,,
747,Microseris douglasii,5,50,50,30
750,Microseris douglasii,1,1,,
750,Microseris douglasii,2,,,
750,Microseris douglasii,3,,,
750,Microseris douglasii,4,,,
750,Microseris douglasii,5,,,
752,Microseris douglasii,1,8,5,1
752,Microseris douglasii,2,30,20,10
752,Microseris douglasii,3,1,,1
752,Microseris douglasii,4,,,
752,Microseris douglasii,5,,,
755,Microseris douglasii,1,,,
755,Microseris douglasii,2,1,,1
755,Microseris douglasii,3,1,,1
755,Microseris douglasii,4,12,10,15
755,Microseris douglasii,5,30,20,25
763,Microseris douglasii,1,,,
763,Microseris douglasii,2,1,,1
763,Microseris douglasii,3,,,
763,Microseris douglasii,4,,,
763,Microseris douglasii,5,,,
760,Microseris douglasii,1,12,10,15
760,Microseris douglasii,2,8,20,5
760,Microseris douglasii,3,4,2,2
760,Microseris douglasii,4,16,10,25
760,Microseris douglasii,5,,,
756,Microseris douglasii,1,4,5,2
756,Microseris douglasii,2,4,2,1
756,Microseris douglasii,3,1,1,1
756,Microseris douglasii,4,8,1,20
756,Microseris douglasii,5,4,1,5
759,Unknown perennial,1,,,
759,Unknown perennial,2,,,
759,Unknown perennial,3,,,
759,Unknown perennial,4,1,,
759,Unknown perennial,5,1,,2
743,Minuartia douglasii,1,1,,
743,Minuartia douglasii,2,,,
743,Minuartia douglasii,3,,,
743,Minuartia douglasii,4,1,,1
743,Minuartia douglasii,5,,,
745,Minuartia douglasii,1,,,
745,Minuartia douglasii,2,1,,
745,Minuartia douglasii,3,,,
745,Minuartia douglasii,4,1,1,1
745,Minuartia douglasii,5,,,
751,Minuartia douglasii,1,,,
751,Minuartia douglasii,2,,,
751,Minuartia douglasii,3,8,10,
751,Minuartia douglasii,4,,,
751,Minuartia douglasii,5,1,,1
752,Minuartia douglasii,1,,,
752,Minuartia douglasii,2,,,
752,Minuartia douglasii,3,,,
752,Minuartia douglasii,4,,,
752,Minuartia douglasii,5,1,,5
755,Minuartia douglasii,1,,,
755,Minuartia douglasii,2,1,,3
755,Minuartia douglasii,3,,,
755,Minuartia douglasii,4,,,
755,Minuartia douglasii,5,,,
741,Nassella pulchra,1,,,
741,Nassella pulchra,2,,,
741,Nassella pulchra,3,4,,
741,Nassella pulchra,4,,,
741,Nassella pulchra,5,4,,
742,Nassella pulchra,1,2,,
742,Nassella pulchra,2,8,,
742,Nassella pulchra,3,2,,40
742,Nassella pulchra,4,1,,
742,Nassella pulchra,5,,,
743,Nassella pulchra,1,,,
743,Nassella pulchra,2,,,
743,Nassella pulchra,3,8,1,10
743,Nassella pulchra,4,4,,
743,Nassella pulchra,5,4,,
745,Nassella pulchra,1,1,1,
745,Nassella pulchra,2,,,
745,Nassella pulchra,3,,,
745,Nassella pulchra,4,1,,
745,Nassella pulchra,5,,,
744,Nassella pulchra,1,,,
744,Nassella pulchra,2,,,
744,Nassella pulchra,3,,,
744,Nassella pulchra,4,2,,5
744,Nassella pulchra,5,,,
746,Nassella pulchra,1,4,,1
746,Nassella pulchra,2,12,,1
746,Nassella pulchra,3,8,,
746,Nassella pulchra,4,4,40,
746,Nassella pulchra,5,8,,
750,Nassella pulchra,1,12,,20
750,Nassella pulchra,2,12,40,10
750,Nassella pulchra,3,8,2,10
750,Nassella pulchra,4,8,,
750,Nassella pulchra,5,8,10,
751,Nassella pulchra,1,1,,10
751,Nassella pulchra,2,4,,
751,Nassella pulchra,3,8,,5
751,Nassella pulchra,4,10,1,
751,Nassella pulchra,5,8,,20
753,Nassella pulchra,1,,,
753,Nassella pulchra,2,4,,
753,Nassella pulchra,3,,,
753,Nassella pulchra,4,,,
753,Nassella pulchra,5,,,
752,Nassella pulchra,1,,,
752,Nassella pulchra,2,8,10,20
752,Nassella pulchra,3,4,,
752,Nassella pulchra,4,2,,
752,Nassella pulchra,5,2,1,
755,Nassella pulchra,1,1,,
755,Nassella pulchra,2,1,,
755,Nassella pulchra,3,,,
755,Nassella pulchra,4,,,
755,Nassella pulchra,5,,,
754,Nassella pulchra,1,,,
754,Nassella pulchra,2,,,
754,Nassella pulchra,3,,,
754,Nassella pulchra,4,8,,
754,Nassella pulchra,5,,,
763,Nassella pulchra,1,,,
763,Nassella pulchra,2,2,,
763,Nassella pulchra,3,8,10,
763,Nassella pulchra,4,,,
763,Nassella pulchra,5,,,
757,Nassella pulchra,1,,,
757,Nassella pulchra,2,2,,
757,Nassella pulchra,3,12,1,40
757,Nassella pulchra,4,,,
757,Nassella pulchra,5,,,
741,Navarretia mitracarpa,1,8,30,1
741,Navarretia mitracarpa,2,4,10,4
741,Navarretia mitracarpa,3,1,,
741,Navarretia mitracarpa,4,,,1
741,Navarretia mitracarpa,5,,,
742,Navarretia mitracarpa,1,1,,
742,Navarretia mitracarpa,2,1,,
742,Navarretia mitracarpa,3,1,,
742,Navarretia mitracarpa,4,,,
742,Navarretia mitracarpa,5,,,
743,Navarretia mitracarpa,1,8,,2
743,Navarretia mitracarpa,2,12,6,1
743,Navarretia mitracarpa,3,1,1,1
743,Navarretia mitracarpa,4,1,,1
743,Navarretia mitracarpa,5,1,1,
745,Navarretia mitracarpa,1,,,
745,Navarretia mitracarpa,2,4,4,1
745,Navarretia mitracarpa,3,4,,1
745,Navarretia mitracarpa,4,1,,4
745,Navarretia mitracarpa,5,1,,
744,Navarretia mitracarpa,1,1,1,1
744,Navarretia mitracarpa,2,1,,
744,Navarretia mitracarpa,3,,,
744,Navarretia mitracarpa,4,1,,
744,Navarretia mitracarpa,5,,,
747,Navarretia mitracarpa,1,1,,
747,Navarretia mitracarpa,2,,,
747,Navarretia mitracarpa,3,,,
747,Navarretia mitracarpa,4,1,,
747,Navarretia mitracarpa,5,,,
751,Navarretia mitracarpa,1,1,,
751,Navarretia mitracarpa,2,,,
751,Navarretia mitracarpa,3,,,
751,Navarretia mitracarpa,4,1,1,
751,Navarretia mitracarpa,5,,,
752,Navarretia mitracarpa,1,,,
752,Navarretia mitracarpa,2,,,
752,Navarretia mitracarpa,3,1,,
752,Navarretia mitracarpa,4,1,,
752,Navarretia mitracarpa,5,1,,
755,Navarretia mitracarpa,1,,,
755,Navarretia mitracarpa,2,,,
755,Navarretia mitracarpa,3,1,,
755,Navarretia mitracarpa,4,1,,
755,Navarretia mitracarpa,5,1,1,
756,Navarretia mitracarpa,1,,,
756,Navarretia mitracarpa,2,,,
756,Navarretia mitracarpa,3,,,
756,Navarretia mitracarpa,4,1,,
756,Navarretia mitracarpa,5,,,
743,Castilleja attenuata,1,,,
743,Castilleja attenuata,2,,,
743,Castilleja attenuata,3,1,1,
743,Castilleja attenuata,4,1,1,
743,Castilleja attenuata,5,,,
752,Castilleja attenuata,1,,,
752,Castilleja attenuata,2,1,,
752,Castilleja attenuata,3,,,
752,Castilleja attenuata,4,,,
752,Castilleja attenuata,5,1,1,
756,Castilleja attenuata,1,1,,
756,Castilleja attenuata,2,,,
756,Castilleja attenuata,3,,,
756,Castilleja attenuata,4,,,
756,Castilleja attenuata,5,,,
752,Phacelia imbricata,1,,,
752,Phacelia imbricata,2,,,
752,Phacelia imbricata,3,,,
752,Phacelia imbricata,4,2,,
752,Phacelia imbricata,5,,,
741,Plantago erecta,1,2,1,1
741,Plantago erecta,2,1,1,4
741,Plantago erecta,3,1,,5
741,Plantago erecta,4,1,,1
741,Plantago erecta,5,20,16,1
742,Plantago erecta,1,12,1,75
742,Plantago erecta,2,2,1,
742,Plantago erecta,3,12,5,1
742,Plantago erecta,4,25,16,10
742,Plantago erecta,5,30,10,1
743,Plantago erecta,1,20,10,1
743,Plantago erecta,2,20,10,40
743,Plantago erecta,3,16,15,2
743,Plantago erecta,4,40,25,10
743,Plantago erecta,5,50,10,20
745,Plantago erecta,1,25,12,15
745,Plantago erecta,2,12,15,1
745,Plantago erecta,3,4,2,2
745,Plantago erecta,4,20,50,10
745,Plantago erecta,5,30,30,15
744,Plantago erecta,1,30,50,5
744,Plantago erecta,2,15,20,20
744,Plantago erecta,3,50,40,25
744,Plantago erecta,4,50,30,70
744,Plantago erecta,5,20,30,15
746,Plantago erecta,1,,,
746,Plantago erecta,2,,,
746,Plantago erecta,3,1,1,1
746,Plantago erecta,4,,,
746,Plantago erecta,5,1,,
747,Plantago erecta,1,4,2,1
747,Plantago erecta,2,8,1,5
747,Plantago erecta,3,8,1,4
747,Plantago erecta,4,4,2,1
747,Plantago erecta,5,8,8,5
751,Plantago erecta,1,20,30,30
751,Plantago erecta,2,16,40,10
751,Plantago erecta,3,12,5,30
751,Plantago erecta,4,12,1,5
751,Plantago erecta,5,16,10,5
752,Plantago erecta,1,8,5,2
752,Plantago erecta,2,16,5,5
752,Plantago erecta,3,25,15,15
752,Plantago erecta,4,10,10,20
752,Plantago erecta,5,50,20,15
755,Plantago erecta,1,25,10,15
755,Plantago erecta,2,16,5,
755,Plantago erecta,3,8,3,10
755,Plantago erecta,4,25,30,20
755,Plantago erecta,5,20,30,10
763,Plantago erecta,1,1,,
763,Plantago erecta,2,,,
763,Plantago erecta,3,,,
763,Plantago erecta,4,1,,1
763,Plantago erecta,5,,,
760,Plantago erecta,1,,,
760,Plantago erecta,2,,,
760,Plantago erecta,3,,,
760,Plantago erecta,4,,,
760,Plantago erecta,5,4,,10
756,Plantago erecta,1,4,5,2
756,Plantago erecta,2,,,
756,Plantago erecta,3,,,
756,Plantago erecta,4,,,
756,Plantago erecta,5,,,
757,Plantago erecta,1,,,
757,Plantago erecta,2,,,
757,Plantago erecta,3,,,
757,Plantago erecta,4,1,,
757,Plantago erecta,5,,,
742,Poa secunda,1,,,
742,Poa secunda,2,,,
742,Poa secunda,3,4,,10
742,Poa secunda,4,,,
742,Poa secunda,5,4,,
743,Poa secunda,1,1,1,
743,Poa secunda,2,,,
743,Poa secunda,3,4,,
743,Poa secunda,4,,,
743,Poa secunda,5,,,
745,Poa secunda,1,,,
745,Poa secunda,2,4,,
745,Poa secunda,3,,,
745,Poa secunda,4,2,,
745,Poa secunda,5,1,,
747,Poa secunda,1,,,
747,Poa secunda,2,,,
747,Poa secunda,3,1,,1
747,Poa secunda,4,1,,
747,Poa secunda,5,,,
748,Poa secunda,1,,,
748,Poa secunda,2,,,
748,Poa secunda,3,,,
748,Poa secunda,4,,,
748,Poa secunda,5,1,,
755,Poa secunda,1,,,
755,Poa secunda,2,,,
755,Poa secunda,3,,,
755,Poa secunda,4,1,,
755,Poa secunda,5,,,
756,Poa secunda,1,1,,
756,Poa secunda,2,,,
756,Poa secunda,3,,,
756,Poa secunda,4,,,
756,Poa secunda,5,,,
757,Poa secunda,1,,,
757,Poa secunda,2,,,
757,Poa secunda,3,1,,
757,Poa secunda,4,,,
757,Poa secunda,5,,,
756,Quercus douglasii,1,,,
756,Quercus douglasii,2,,,
756,Quercus douglasii,3,,,
756,Quercus douglasii,4,,,
756,Quercus douglasii,5,2,,
741,Ranunculus californicus,1,,,
741,Ranunculus californicus,2,,,
741,Ranunculus californicus,3,,,
741,Ranunculus californicus,4,,,
741,Ranunculus californicus,5,1,1,
745,Ranunculus californicus,1,,,
745,Ranunculus californicus,2,2,,5
745,Ranunculus californicus,3,1,,
745,Ranunculus californicus,4,,,
745,Ranunculus californicus,5,,,
740,Ranunculus californicus,1,,,
740,Ranunculus californicus,2,,,
740,Ranunculus californicus,3,,,
740,Ranunculus californicus,4,4,5,
740,Ranunculus californicus,5,,,
743,Rigiopappus leptocladus,1,,,
743,Rigiopappus leptocladus,2,,,
743,Rigiopappus leptocladus,3,,,
743,Rigiopappus leptocladus,4,1,1,
743,Rigiopappus leptocladus,5,1,,
744,Rigiopappus leptocladus,1,,,
744,Rigiopappus leptocladus,2,1,1,
744,Rigiopappus leptocladus,3,1,,
744,Rigiopappus leptocladus,4,,,
744,Rigiopappus leptocladus,5,,,
752,Rigiopappus leptocladus,1,,,
752,Rigiopappus leptocladus,2,,,
752,Rigiopappus leptocladus,3,,,
752,Rigiopappus leptocladus,4,,,
752,Rigiopappus leptocladus,5,1,1,
755,Rigiopappus leptocladus,1,,,
755,Rigiopappus leptocladus,2,,,
755,Rigiopappus leptocladus,3,1,,1
755,Rigiopappus leptocladus,4,,,
755,Rigiopappus leptocladus,5,,,
747,Salvia columbariae,1,,,
747,Salvia columbariae,2,,,
747,Salvia columbariae,3,1,,
747,Salvia columbariae,4,1,,
747,Salvia columbariae,5,1,,
750,Salvia columbariae,1,1,,
750,Salvia columbariae,2,,,
750,Salvia columbariae,3,,,
750,Salvia columbariae,4,,,
750,Salvia columbariae,5,,,
755,Salvia columbariae,1,,,
755,Salvia columbariae,2,,,
755,Salvia columbariae,3,8,5,2
755,Salvia columbariae,4,,,
755,Salvia columbariae,5,,,
758,Salvia spathacea,1,,,
758,Salvia spathacea,2,,,
758,Salvia spathacea,3,,,
758,Salvia spathacea,4,,,
758,Salvia spathacea,5,1,,2
759,Salvia spathacea,1,,,
759,Salvia spathacea,2,,,
759,Salvia spathacea,3,4,,
759,Salvia spathacea,4,4,5,
759,Salvia spathacea,5,,,
756,Sanicula sp.,1,1,1,1
756,Sanicula sp.,2,,,
756,Sanicula sp.,3,,,
756,Sanicula sp.,4,,,
756,Sanicula sp.,5,,,
758,Sanicula sp.,1,,,
758,Sanicula sp.,2,,,
758,Sanicula sp.,3,4,,
758,Sanicula sp.,4,,,
758,Sanicula sp.,5,,,
751,Eriogonum fasciculatum,1,,,
751,Eriogonum fasciculatum,2,4,,
751,Eriogonum fasciculatum,3,,,
751,Eriogonum fasciculatum,4,,,
751,Eriogonum fasciculatum,5,,,
756,Thysanocarpus curvipes,1,,,
756,Thysanocarpus curvipes,2,,,
756,Thysanocarpus curvipes,3,1,,
756,Thysanocarpus curvipes,4,,,
756,Thysanocarpus curvipes,5,,,
758,Torilis arvensis,1,8,5,2
758,Torilis arvensis,2,8,10,1
758,Torilis arvensis,3,4,1,
758,Torilis arvensis,4,8,5,5
758,Torilis arvensis,5,8,10,10
759,Torilis arvensis,1,1,,
759,Torilis arvensis,2,8,5,10
759,Torilis arvensis,3,4,2,
759,Torilis arvensis,4,1,1,1
759,Torilis arvensis,5,12,2,2
741,Trifolium albopurpureum,1,,,
741,Trifolium albopurpureum,2,1,,
741,Trifolium albopurpureum,3,,,
741,Trifolium albopurpureum,4,,,
741,Trifolium albopurpureum,5,1,,
742,Trifolium albopurpureum,1,1,,
742,Trifolium albopurpureum,2,1,,
742,Trifolium albopurpureum,3,1,,
742,Trifolium albopurpureum,4,,,
742,Trifolium albopurpureum,5,,,
744,Trifolium albopurpureum,1,1,,
744,Trifolium albopurpureum,2,1,,
744,Trifolium albopurpureum,3,1,1,1
744,Trifolium albopurpureum,4,1,5,
744,Trifolium albopurpureum,5,,,
747,Trifolium albopurpureum,1,,,
747,Trifolium albopurpureum,2,1,,1
747,Trifolium albopurpureum,3,,,
747,Trifolium albopurpureum,4,,,
747,Trifolium albopurpureum,5,1,,
751,Trifolium albopurpureum,1,,,
751,Trifolium albopurpureum,2,,,
751,Trifolium albopurpureum,3,,,
751,Trifolium albopurpureum,4,1,,
751,Trifolium albopurpureum,5,1,1,2
752,Trifolium albopurpureum,1,,,
752,Trifolium albopurpureum,2,,,
752,Trifolium albopurpureum,3,4,,
752,Trifolium albopurpureum,4,,,
752,Trifolium albopurpureum,5,,,
755,Trifolium albopurpureum,1,1,1,
755,Trifolium albopurpureum,2,,,
755,Trifolium albopurpureum,3,,,
755,Trifolium albopurpureum,4,2,1,
755,Trifolium albopurpureum,5,1,,1
763,Trifolium albopurpureum,1,,,
763,Trifolium albopurpureum,2,1,1,
763,Trifolium albopurpureum,3,1,,
763,Trifolium albopurpureum,4,1,,
763,Trifolium albopurpureum,5,,,
756,Trifolium albopurpureum,1,1,1,
756,Trifolium albopurpureum,2,1,,
756,Trifolium albopurpureum,3,1,,1
756,Trifolium albopurpureum,4,1,,
756,Trifolium albopurpureum,5,8,10,10
761,Unknown forb,1,,,
761,Unknown forb,2,,,
761,Unknown forb,3,1,,
761,Unknown forb,4,,,
761,Unknown forb,5,,,
741,Uropappus lindleyi,1,,,
741,Uropappus lindleyi,2,,,
741,Uropappus lindleyi,3,,,
741,Uropappus lindleyi,4,,,
741,Uropappus lindleyi,5,1,,1
742,Uropappus lindleyi,1,,,
742,Uropappus lindleyi,2,,,
742,Uropappus lindleyi,3,1,,1
742,Uropappus lindleyi,4,,,
742,Uropappus lindleyi,5,,,
743,Uropappus lindleyi,1,,,
743,Uropappus lindleyi,2,1,,
743,Uropappus lindleyi,3,,,
743,Uropappus lindleyi,4,1,,
743,Uropappus lindleyi,5,,,
744,Uropappus lindleyi,1,,,
744,Uropappus lindleyi,2,1,,
744,Uropappus lindleyi,3,,,
744,Uropappus lindleyi,4,,,
744,Uropappus lindleyi,5,,,
746,Uropappus lindleyi,1,1,,
746,Uropappus lindleyi,2,,,
746,Uropappus lindleyi,3,1,1,1
746,Uropappus lindleyi,4,1,,1
746,Uropappus lindleyi,5,1,,1
747,Uropappus lindleyi,1,,,
747,Uropappus lindleyi,2,,,
747,Uropappus lindleyi,3,,,
747,Uropappus lindleyi,4,8,4,
747,Uropappus lindleyi,5,,,
750,Uropappus lindleyi,1,1,1,
750,Uropappus lindleyi,2,1,,
750,Uropappus lindleyi,3,2,,
750,Uropappus lindleyi,4,,,
750,Uropappus lindleyi,5,,,
751,Uropappus lindleyi,1,1,,
751,Uropappus lindleyi,2,1,,
751,Uropappus lindleyi,3,8,20,1
751,Uropappus lindleyi,4,,,
751,Uropappus lindleyi,5,,,
752,Uropappus lindleyi,1,4,2,1
752,Uropappus lindleyi,2,,,
752,Uropappus lindleyi,3,1,1,1
752,Uropappus lindleyi,4,1,,
752,Uropappus lindleyi,5,2,,5
755,Uropappus lindleyi,1,1,,
755,Uropappus lindleyi,2,1,,1
755,Uropappus lindleyi,3,,,
755,Uropappus lindleyi,4,,,
755,Uropappus lindleyi,5,,,
763,Uropappus lindleyi,1,,,
763,Uropappus lindleyi,2,,,
763,Uropappus lindleyi,3,,,
763,Uropappus lindleyi,4,1,1,
763,Uropappus lindleyi,5,,,
760,Uropappus lindleyi,1,,,
760,Uropappus lindleyi,2,,,
760,Uropappus lindleyi,3,,,
760,Uropappus lindleyi,4,,,
760,Uropappus lindleyi,5,1,,
756,Viola pedunculata,1,,,
756,Viola pedunculata,2,,,
756,Viola pedunculata,3,2,,
756,Viola pedunculata,4,4,,
756,Viola pedunculata,5,4,1,
759,Viola pedunculata,1,1,,
759,Viola pedunculata,2,8,5,
759,Viola pedunculata,3,4,5,
759,Viola pedunculata,4,12,15,20
759,Viola pedunculata,5,16,,40
741,Vulpia microstachys,1,1,,
741,Vulpia microstachys,2,4,1,1
741,Vulpia microstachys,3,,,
741,Vulpia microstachys,4,,,
741,Vulpia microstachys,5,,,
742,Vulpia microstachys,1,8,1,1
742,Vulpia microstachys,2,1,1,2
742,Vulpia microstachys,3,12,,20
742,Vulpia microstachys,4,,,
742,Vulpia microstachys,5,,,
743,Vulpia microstachys,1,,,
743,Vulpia microstachys,1,,,
743,Vulpia microstachys,2,1,1,
743,Vulpia microstachys,2,,,
743,Vulpia microstachys,3,1,4,3
743,Vulpia microstachys,3,,,
743,Vulpia microstachys,4,,,
743,Vulpia microstachys,4,4,2,10
743,Vulpia microstachys,5,16,10,5
743,Vulpia microstachys,5,,,
745,Vulpia microstachys,1,8,20,20
745,Vulpia microstachys,2,4,,2
745,Vulpia microstachys,3,2,2,
745,Vulpia microstachys,4,4,1,
745,Vulpia microstachys,5,1,,1
744,Vulpia microstachys,1,2,10,
744,Vulpia microstachys,2,4,,1
744,Vulpia microstachys,3,4,1,2
744,Vulpia microstachys,4,4,5,4
744,Vulpia microstachys,5,25,10,30
746,Vulpia microstachys,1,,,
746,Vulpia microstachys,2,,,
746,Vulpia microstachys,3,1,1,
746,Vulpia microstachys,4,,,
746,Vulpia microstachys,5,1,,1
747,Vulpia microstachys,1,4,5,2
747,Vulpia microstachys,2,1,2,1
747,Vulpia microstachys,3,1,1,
747,Vulpia microstachys,4,1,,
747,Vulpia microstachys,5,1,1,
748,Vulpia microstachys,1,,,
748,Vulpia microstachys,2,1,,
748,Vulpia microstachys,3,,,
748,Vulpia microstachys,4,,,
748,Vulpia microstachys,5,,,
740,Vulpia microstachys,1,,,
740,Vulpia microstachys,2,4,,5
740,Vulpia microstachys,3,,,
740,Vulpia microstachys,4,,,
740,Vulpia microstachys,5,,,
750,Vulpia microstachys,1,1,,
750,Vulpia microstachys,2,1,,
750,Vulpia microstachys,3,,,
750,Vulpia microstachys,4,1,,
750,Vulpia microstachys,5,1,,
751,Vulpia microstachys,1,1,,1
751,Vulpia microstachys,2,1,,
751,Vulpia microstachys,3,1,,1
751,Vulpia microstachys,4,15,20,1
751,Vulpia microstachys,5,16,20,5
753,Vulpia microstachys,1,,,
753,Vulpia microstachys,2,,,
753,Vulpia microstachys,3,1,1,
753,Vulpia microstachys,4,,,
753,Vulpia microstachys,5,,,
752,Vulpia microstachys,1,,,
752,Vulpia microstachys,2,,,
752,Vulpia microstachys,3,1,,
752,Vulpia microstachys,4,1,,1
752,Vulpia microstachys,5,1,5,
755,Vulpia microstachys,1,4,,5
755,Vulpia microstachys,2,8,5,1
755,Vulpia microstachys,3,1,,
755,Vulpia microstachys,4,4,1,1
755,Vulpia microstachys,5,4,1,10
756,Vulpia microstachys,1,,,
756,Vulpia microstachys,2,,,
756,Vulpia microstachys,3,1,,2
756,Vulpia microstachys,4,,,
756,Vulpia microstachys,5,,,
742,Vulpia myuros,1,,,
742,Vulpia myuros,2,,,
742,Vulpia myuros,3,,,
742,Vulpia myuros,4,1,1,5
742,Vulpia myuros,5,1,,
763,Vulpia myuros,1,,,
763,Vulpia myuros,2,,,
763,Vulpia myuros,3,4,5,2
763,Vulpia myuros,4,4,1,
763,Vulpia myuros,5,,,
760,Vulpia myuros,1,8,5,1
760,Vulpia myuros,2,8,1,2
760,Vulpia myuros,3,8,5,5
760,Vulpia myuros,4,1,1,1
760,Vulpia myuros,5,8,5,5
761,Vulpia myuros,1,4,,5
761,Vulpia myuros,2,1,,
761,Vulpia myuros,3,4,1,
761,Vulpia myuros,4,4,1,1
761,Vulpia myuros,5,,,
756,Vulpia myuros,1,,,
756,Vulpia myuros,2,4,5,1
756,Vulpia myuros,3,1,1,1
756,Vulpia myuros,4,1,1,
756,Vulpia myuros,5,1,,1
757,Vulpia myuros,1,1,10,
757,Vulpia myuros,2,1,,
757,Vulpia myuros,3,,,
757,Vulpia myuros,4,1,5,15
757,Vulpia myuros,5,4,,
758,Yabea microcarpa,1,,,
758,Yabea microcarpa,2,,,
758,Yabea microcarpa,3,,,
758,Yabea microcarpa,4,2,1,1
758,Yabea microcarpa,5,,,
